Country,Experience_Years,Salary,Number_of_Projects,Performance_Score,Education_Level,Certification_Status
Australia,4,115769.0,25,90.6,PhD,Certified
Germany,20,106677.0,41,91.26,Diploma,Certified
Brazil,4,123555.0,31,89.75,PhD,Certified
India,18,168379.0,21,66.19,PhD,Certified
Australia,4,141665.0,20,88.26,Bachelor's,Certified
France,17,108803.0,39,57.16,Master's,Certified
UK,12,131703.0,22,82.89,Diploma,Not Certified
Australia,17,61312.0,4,82.08,Bachelor's,Certified
Brazil,10,157961.0,13,51.28,Master's,Certified
India,1,80379.0,45,89.4,Diploma,Certified
Germany,18,57297.0,42,95.16,Diploma,Not Certified
Brazil,18,42011.0,49,63.37,Diploma,Not Certified
Brazil,14,160234.0,20,90.62,Master's,Certified
UK,15,84014.0,13,54.12,Diploma,Not Certified
China,12,182810.0,17,80.0,Diploma,Certified
India,4,134333.0,36,74.28,Bachelor's,Not Certified
Canada,3,51120.0,33,77.3,PhD,Certified
Brazil,20,179839.0,1,96.31,Master's,Not Certified
China,12,62852.0,15,93.57,PhD,Not Certified
Canada,7,119239.0,13,89.25,Bachelor's,Not Certified
India,11,172001.0,17,63.68,PhD,Certified
USA,1,131575.0,24,95.59,Diploma,Certified
France,6,135040.0,8,54.88,Diploma,Certified
China,15,188510.0,27,92.67,Master's,Not Certified
South Africa,15,45744.0,45,66.41,Master's,Not Certified
USA,19,178141.0,23,52.69,Master's,Certified
France,11,82359.0,46,83.47,Bachelor's,Not Certified
UK,2,190871.0,8,61.56,Master's,Certified
Australia,14,138746.0,8,62.18,Bachelor's,Certified
Germany,2,160906.0,26,65.3,Diploma,Certified
South Africa,4,47597.0,47,53.18,PhD,Certified
UK,17,87093.0,13,58.86,Diploma,Not Certified
India,3,154650.0,39,50.26,Diploma,Not Certified
UK,13,197489.0,37,72.27,Diploma,Not Certified
Australia,9,189765.0,49,54.21,Master's,Certified
India,7,160956.0,28,84.13,Master's,Not Certified
South Africa,15,155598.0,25,61.78,Master's,Certified
Australia,11,173241.0,16,97.18,PhD,Certified
Canada,20,193124.0,2,93.56,Master's,Certified
Germany,2,48036.0,18,64.47,Bachelor's,Certified
South Africa,15,71778.0,17,89.16,Diploma,Certified
Canada,14,198806.0,30,90.16,PhD,Certified
France,20,194245.0,39,99.33,PhD,Not Certified
South Africa,11,177416.0,13,79.89,PhD,Not Certified
France,3,58800.0,32,54.1,PhD,Not Certified
India,17,65372.0,29,82.34,PhD,Not Certified
Canada,12,101516.0,46,81.25,Bachelor's,Certified
Germany,15,60538.0,30,81.92,Diploma,Certified
Australia,16,103918.0,18,65.36,PhD,Not Certified
Brazil,5,186045.0,13,92.98,Diploma,Not Certified
UK,20,111155.0,43,97.97,Master's,Not Certified
USA,6,,21,,,Not Certified
Germany,19,150659.0,30,54.41,PhD,Not Certified
Canada,5,67716.0,21,59.73,Diploma,Not Certified
Brazil,3,174308.0,48,91.03,PhD,Not Certified
Germany,1,186920.0,17,83.83,PhD,Not Certified
Canada,6,42352.0,40,81.8,PhD,Certified
China,15,173004.0,19,70.09,Bachelor's,Certified
China,2,116449.0,15,78.89,Bachelor's,Certified
France,3,48556.0,9,65.39,PhD,Certified
Germany,17,126836.0,10,73.86,Bachelor's,Not Certified
China,12,176570.0,44,89.65,Master's,Certified
Canada,18,90098.0,31,99.06,PhD,Not Certified
France,15,152169.0,23,96.62,Master's,Certified
Canada,12,180641.0,30,96.69,Diploma,Not Certified
France,16,166060.0,33,70.11,Master's,Not Certified
Germany,8,170544.0,9,73.44,Diploma,Certified
Brazil,14,40340.0,47,85.28,PhD,Certified
Australia,17,122302.0,1,96.11,Diploma,Not Certified
South Africa,8,40138.0,44,57.1,Diploma,Not Certified
Brazil,15,171430.0,35,65.21,Master's,Not Certified
India,14,159619.0,11,56.96,Master's,Certified
Canada,18,125376.0,34,80.6,Master's,Certified
India,20,139931.0,16,65.32,PhD,Not Certified
Brazil,7,196951.0,9,66.31,PhD,Certified
France,3,121532.0,32,53.55,Master's,Not Certified
South Africa,12,95778.0,15,67.49,PhD,Certified
South Africa,3,77772.0,12,93.12,PhD,Certified
USA,20,98478.0,33,61.65,Diploma,Certified
South Africa,14,66762.0,45,84.76,Diploma,Certified
Australia,15,184355.0,14,81.48,Master's,Certified
South Africa,14,95568.0,8,93.17,PhD,Not Certified
Brazil,7,125090.0,8,56.61,Diploma,Not Certified
USA,17,60219.0,27,98.88,Bachelor's,Certified
Brazil,12,97169.0,12,79.13,PhD,Not Certified
Brazil,20,114965.0,1,99.77,Bachelor's,Not Certified
UK,4,124754.0,43,95.58,Master's,Certified
USA,9,117988.0,40,61.08,PhD,Not Certified
Brazil,6,190023.0,42,52.81,Master's,Certified
UK,16,172379.0,11,62.78,Master's,Not Certified
UK,2,120388.0,39,76.38,Master's,Not Certified
USA,8,130768.0,43,58.58,Master's,Not Certified
India,11,75428.0,31,58.37,Master's,Not Certified
France,13,132021.0,17,73.13,PhD,Not Certified
Australia,17,158418.0,33,51.66,Bachelor's,Not Certified
France,8,172212.0,32,56.09,PhD,Not Certified
South Africa,18,195914.0,29,70.79,PhD,Certified
Australia,18,66421.0,21,53.16,PhD,Certified
South Africa,14,41708.0,21,69.84,Diploma,Certified
Brazil,15,174702.0,40,73.7,Diploma,Certified
Canada,6,190667.0,23,72.56,PhD,Not Certified
USA,11,116021.0,6,93.46,Bachelor's,Not Certified
Australia,13,199380.0,22,76.5,PhD,Not Certified
Australia,1,84789.0,38,73.4,Master's,Certified
Brazil,6,66086.0,37,70.54,Diploma,Certified
India,9,56859.0,45,90.88,Diploma,Certified
UK,8,47684.0,8,94.75,PhD,Not Certified
Brazil,11,131088.0,41,92.66,PhD,Certified
China,19,172279.0,49,83.68,Bachelor's,Not Certified
UK,9,86099.0,35,56.87,Bachelor's,Certified
USA,17,106093.0,11,63.84,Master's,Not Certified
UK,12,88651.0,24,52.3,PhD,Certified
India,14,53893.0,49,96.54,PhD,Not Certified
UK,15,106418.0,21,83.04,PhD,Certified
USA,16,165074.0,2,87.32,Diploma,Certified
India,20,143065.0,40,65.58,Master's,Not Certified
France,1,170351.0,19,92.28,Bachelor's,Not Certified
Australia,10,78635.0,39,62.98,Diploma,Certified
Australia,8,135071.0,28,50.08,Diploma,Not Certified
South Africa,18,118518.0,17,68.82,Diploma,Certified
France,1,146233.0,6,78.54,Diploma,Not Certified
France,2,143651.0,19,73.94,Master's,Certified
UK,1,112805.0,38,93.1,PhD,Not Certified
Australia,1,199136.0,28,55.27,Bachelor's,Certified
USA,9,162813.0,2,77.69,Bachelor's,Certified
Germany,13,119063.0,38,75.65,Diploma,Certified
Germany,1,42454.0,37,64.07,Diploma,Not Certified
India,13,60878.0,4,91.11,Master's,Certified
Australia,20,184063.0,22,87.64,Diploma,Not Certified
Australia,7,108344.0,26,86.64,Bachelor's,Not Certified
Germany,2,144946.0,49,93.81,Bachelor's,Not Certified
Australia,6,76593.0,43,86.14,PhD,Certified
UK,7,76304.0,36,61.59,PhD,Not Certified
China,14,153613.0,13,85.28,Bachelor's,Not Certified
Canada,18,192155.0,32,65.39,Bachelor's,Not Certified
France,15,58354.0,17,62.11,Master's,Certified
South Africa,2,62190.0,41,53.65,Master's,Not Certified
India,10,46142.0,36,87.2,Bachelor's,Not Certified
China,12,199470.0,46,85.55,Diploma,Not Certified
Germany,17,81862.0,19,61.72,PhD,Not Certified
France,8,190575.0,35,87.47,Bachelor's,Certified
Australia,11,,46,,,Certified
South Africa,3,88456.0,40,55.4,Bachelor's,Not Certified
Australia,6,140167.0,28,61.63,PhD,Not Certified
USA,9,122035.0,1,87.51,PhD,Not Certified
USA,6,48016.0,42,63.73,Master's,Not Certified
South Africa,9,42384.0,18,81.23,Master's,Certified
South Africa,7,186144.0,48,54.06,Master's,Certified
Germany,9,142239.0,40,72.61,Master's,Certified
South Africa,18,151431.0,33,86.95,PhD,Certified
UK,12,120018.0,12,84.33,Diploma,Not Certified
Australia,8,80510.0,8,90.75,Diploma,Not Certified
China,8,61826.0,24,93.87,Diploma,Certified
Brazil,18,108026.0,16,88.66,Bachelor's,Certified
South Africa,20,161668.0,4,83.58,Master's,Not Certified
India,15,196590.0,38,51.59,Master's,Not Certified
USA,7,64045.0,44,76.75,PhD,Not Certified
UK,11,130102.0,27,51.88,PhD,Not Certified
France,20,91919.0,9,90.4,Bachelor's,Not Certified
Brazil,16,139441.0,47,66.04,Bachelor's,Certified
China,4,198175.0,16,78.12,Diploma,Certified
Brazil,6,176917.0,12,63.97,PhD,Not Certified
South Africa,3,158325.0,31,89.13,Master's,Not Certified
Germany,9,59337.0,24,94.33,Diploma,Certified
USA,10,193385.0,14,69.93,Master's,Not Certified
USA,14,198015.0,45,93.15,Diploma,Certified
France,11,117949.0,25,63.35,Master's,Certified
Germany,18,40276.0,34,76.73,Bachelor's,Certified
Australia,12,91151.0,3,92.94,Diploma,Certified
Canada,12,188683.0,24,66.29,Master's,Not Certified
UK,13,183016.0,42,97.7,Master's,Not Certified
USA,13,92887.0,9,56.09,PhD,Certified
India,19,121442.0,26,50.91,Diploma,Not Certified
USA,19,89847.0,20,95.21,Master's,Not Certified
Brazil,14,98653.0,40,53.43,PhD,Not Certified
USA,4,96622.0,10,99.59,Master's,Not Certified
USA,13,67810.0,19,97.57,Diploma,Certified
Canada,8,117842.0,3,56.85,Bachelor's,Not Certified
Canada,19,162225.0,24,76.88,Diploma,Certified
China,12,50503.0,5,59.25,Diploma,Certified
Australia,18,124761.0,3,71.41,Master's,Not Certified
India,6,166439.0,27,53.07,Master's,Certified
USA,18,51590.0,16,61.2,Diploma,Not Certified
USA,19,181958.0,49,68.16,PhD,Not Certified
UK,5,,15,,,Certified
Canada,9,106624.0,35,98.87,PhD,Not Certified
India,3,180836.0,12,90.39,Master's,Certified
France,10,160356.0,41,86.87,Master's,Certified
China,19,82727.0,44,76.85,Diploma,Not Certified
Australia,3,118471.0,26,92.0,Bachelor's,Not Certified
Germany,15,48068.0,47,66.97,Master's,Not Certified
Australia,1,156923.0,34,85.44,Diploma,Certified
Brazil,7,178367.0,23,99.69,Diploma,Not Certified
USA,12,51390.0,31,65.73,Bachelor's,Certified
China,17,146752.0,20,83.7,PhD,Certified
Brazil,20,191203.0,12,92.22,Diploma,Not Certified
India,5,134754.0,23,95.79,Diploma,Not Certified
Germany,4,115969.0,4,85.9,Diploma,Not Certified
Canada,12,186110.0,23,64.18,PhD,Certified
China,20,117064.0,48,66.31,PhD,Not Certified
China,18,61281.0,48,51.04,Bachelor's,Certified
USA,17,94189.0,1,88.04,Master's,Not Certified
South Africa,19,88511.0,25,52.14,PhD,Not Certified
China,9,162115.0,2,93.23,Master's,Certified
UK,4,48605.0,30,55.93,Master's,Certified
Germany,2,140318.0,3,58.59,PhD,Not Certified
Germany,4,172453.0,21,73.83,Diploma,Not Certified
UK,2,59810.0,25,86.89,Bachelor's,Not Certified
France,15,195394.0,20,56.95,Master's,Not Certified
UK,2,81869.0,49,72.0,Diploma,Not Certified
UK,4,72955.0,22,74.14,PhD,Certified
Germany,6,101388.0,21,60.61,Master's,Certified
Australia,7,50207.0,33,55.78,Master's,Certified
Germany,10,199292.0,38,91.82,Master's,Certified
South Africa,19,62031.0,15,75.12,Diploma,Not Certified
USA,19,120807.0,46,50.72,Diploma,Certified
Brazil,12,111312.0,15,90.15,Diploma,Certified
Australia,3,99766.0,46,99.04,Master's,Certified
Canada,13,183521.0,25,80.3,Master's,Not Certified
Brazil,18,129833.0,21,75.19,Bachelor's,Certified
USA,8,151041.0,24,93.92,Bachelor's,Not Certified
South Africa,15,156185.0,5,97.63,Diploma,Certified
South Africa,1,50350.0,6,87.73,Diploma,Not Certified
Canada,3,140859.0,49,72.27,PhD,Certified
Australia,8,108487.0,43,79.61,Diploma,Not Certified
France,4,188694.0,48,85.05,Bachelor's,Certified
UK,16,163853.0,44,59.71,Bachelor's,Not Certified
Australia,10,93117.0,47,72.36,Bachelor's,Not Certified
France,12,141084.0,23,91.49,Master's,Certified
South Africa,14,63782.0,4,82.74,Master's,Not Certified
Germany,14,68454.0,27,70.56,Diploma,Not Certified
USA,2,107904.0,18,83.17,PhD,Certified
Canada,5,169936.0,21,55.91,PhD,Certified
USA,5,186664.0,28,70.07,PhD,Not Certified
India,6,193245.0,35,89.66,Master's,Certified
India,13,162258.0,22,61.03,Bachelor's,Certified
Australia,9,151668.0,40,59.3,Bachelor's,Certified
South Africa,15,164184.0,23,97.54,Master's,Not Certified
South Africa,14,56566.0,3,60.49,PhD,Not Certified
UK,7,178262.0,40,63.05,PhD,Not Certified
UK,20,78333.0,10,98.48,Diploma,Not Certified
UK,2,161929.0,25,86.74,Diploma,Not Certified
Germany,7,129571.0,49,84.98,PhD,Not Certified
Brazil,6,160263.0,8,92.65,Master's,Not Certified
China,17,,11,,,Certified
Brazil,2,65235.0,5,85.3,Diploma,Not Certified
USA,3,40159.0,45,75.18,PhD,Not Certified
Brazil,5,,37,,,Certified
Germany,5,144859.0,45,75.41,Bachelor's,Certified
USA,1,187309.0,38,81.01,Master's,Certified
Brazil,8,147507.0,29,73.89,Master's,Not Certified
Germany,12,179316.0,5,73.91,Diploma,Certified
China,4,54743.0,9,88.4,Master's,Not Certified
Brazil,13,86101.0,48,81.43,Master's,Not Certified
Germany,15,161534.0,2,81.66,Diploma,Not Certified
UK,11,124227.0,1,72.51,Diploma,Certified
South Africa,10,111126.0,40,76.56,Bachelor's,Certified
UK,3,96071.0,30,87.29,PhD,Not Certified
South Africa,14,114763.0,11,91.3,Master's,Not Certified
Canada,16,183309.0,28,84.83,Diploma,Not Certified
Canada,10,186721.0,44,96.2,Bachelor's,Certified
Canada,10,86154.0,12,91.02,PhD,Not Certified
China,12,47016.0,39,78.09,Diploma,Certified
UK,9,129678.0,26,83.57,PhD,Not Certified
South Africa,1,152056.0,13,96.32,PhD,Certified
Germany,5,94238.0,8,80.96,Master's,Not Certified
USA,20,98608.0,28,91.24,Master's,Certified
Germany,8,129081.0,30,84.44,Diploma,Certified
USA,11,90961.0,9,77.6,PhD,Certified
India,12,66917.0,39,62.09,Diploma,Certified
Germany,1,193808.0,31,71.3,Diploma,Certified
Brazil,20,67990.0,21,98.39,PhD,Certified
Brazil,11,102551.0,47,82.89,Diploma,Not Certified
Australia,5,193512.0,34,78.22,PhD,Not Certified
UK,15,120811.0,31,96.65,PhD,Not Certified
USA,5,95103.0,25,79.33,PhD,Not Certified
USA,12,146122.0,12,76.3,PhD,Certified
UK,5,59008.0,1,87.97,Bachelor's,Not Certified
China,17,72402.0,22,85.63,PhD,Certified
Australia,17,176865.0,40,59.66,Master's,Certified
China,12,176643.0,37,73.57,Master's,Certified
China,15,187281.0,47,73.63,Master's,Not Certified
China,15,153550.0,1,68.91,PhD,Certified
UK,6,131218.0,1,75.86,Master's,Not Certified
China,12,173296.0,42,70.66,Bachelor's,Not Certified
Brazil,20,160779.0,42,59.97,Diploma,Not Certified
Canada,18,169714.0,21,70.62,PhD,Not Certified
India,14,72441.0,15,53.61,Master's,Not Certified
USA,2,102368.0,17,78.79,Bachelor's,Certified
USA,9,132122.0,22,92.68,Diploma,Certified
India,5,84760.0,38,86.26,Bachelor's,Not Certified
UK,20,63478.0,35,68.02,Master's,Certified
Germany,1,167881.0,45,54.35,Bachelor's,Not Certified
UK,3,111854.0,16,60.11,Diploma,Certified
USA,6,134230.0,8,77.27,Master's,Certified
USA,5,125716.0,47,60.35,Diploma,Certified
India,5,183252.0,17,77.2,Bachelor's,Certified
China,1,138538.0,17,61.58,PhD,Certified
UK,17,55372.0,26,92.45,PhD,Certified
South Africa,19,69796.0,13,69.86,PhD,Certified
India,14,138826.0,17,62.28,PhD,Certified
Brazil,12,160592.0,38,90.62,Diploma,Certified
USA,10,133635.0,17,67.14,PhD,Certified
India,20,151022.0,48,55.57,Diploma,Certified
UK,18,94040.0,14,78.52,Master's,Certified
USA,11,115357.0,45,79.08,PhD,Certified
Germany,2,118356.0,6,85.73,Diploma,Not Certified
India,18,56211.0,35,62.01,PhD,Certified
Australia,7,145426.0,46,72.19,PhD,Certified
USA,15,45842.0,14,64.12,PhD,Certified
UK,11,106852.0,47,54.05,Diploma,Certified
Canada,18,165737.0,8,93.83,Bachelor's,Certified
South Africa,12,85968.0,15,86.44,PhD,Certified
France,6,57508.0,27,65.07,PhD,Not Certified
China,20,193077.0,13,79.97,Master's,Not Certified
France,13,94575.0,49,60.06,Bachelor's,Not Certified
UK,20,190043.0,31,94.51,Diploma,Certified
Brazil,16,196671.0,35,55.75,Master's,Certified
Brazil,18,106914.0,6,50.19,PhD,Certified
Canada,10,107055.0,5,75.1,Master's,Not Certified
China,8,127697.0,22,79.16,Master's,Certified
Australia,18,146239.0,49,78.95,PhD,Certified
Canada,1,163106.0,23,52.73,Bachelor's,Not Certified
France,8,45355.0,25,65.7,Bachelor's,Not Certified
Canada,6,94120.0,34,74.96,Master's,Certified
France,5,78342.0,26,60.83,PhD,Certified
USA,15,42257.0,47,93.63,Diploma,Certified
Brazil,15,67364.0,5,54.36,Master's,Certified
USA,2,196044.0,26,74.37,Diploma,Not Certified
South Africa,1,151715.0,20,84.57,Master's,Certified
China,11,66654.0,6,63.09,Master's,Certified
Australia,10,121423.0,6,81.21,PhD,Not Certified
France,18,69320.0,18,91.47,PhD,Certified
Australia,18,60808.0,4,59.52,Diploma,Certified
France,17,92389.0,17,95.86,Diploma,Not Certified
UK,8,158581.0,14,77.68,Bachelor's,Not Certified
Canada,15,167927.0,14,64.96,PhD,Certified
South Africa,8,74773.0,13,71.54,Master's,Not Certified
Brazil,17,198819.0,7,65.61,Master's,Not Certified
France,12,116396.0,44,86.26,Bachelor's,Certified
Australia,8,147692.0,15,89.82,PhD,Not Certified
South Africa,14,97505.0,19,91.65,Master's,Certified
Germany,4,125896.0,43,99.29,Bachelor's,Certified
Germany,1,58135.0,47,89.56,Bachelor's,Certified
USA,1,130887.0,44,80.07,Master's,Certified
Brazil,19,162118.0,35,66.96,Master's,Not Certified
UK,16,87377.0,17,77.23,Diploma,Certified
Australia,14,194626.0,35,52.05,PhD,Certified
Canada,16,102491.0,19,87.24,Diploma,Certified
Canada,5,98283.0,20,72.3,Bachelor's,Certified
Australia,9,56923.0,36,51.0,Master's,Not Certified
China,2,87591.0,35,53.13,Diploma,Not Certified
UK,18,102261.0,32,69.37,Bachelor's,Not Certified
South Africa,6,94336.0,48,79.17,PhD,Certified
France,9,114083.0,44,73.21,Master's,Not Certified
China,1,100948.0,40,80.96,Diploma,Not Certified
France,9,66672.0,24,74.01,PhD,Certified
France,16,44213.0,17,83.09,Diploma,Not Certified
China,13,181365.0,7,60.96,Bachelor's,Certified
USA,9,102507.0,43,55.64,PhD,Not Certified
Germany,13,97134.0,1,79.82,Diploma,Not Certified
France,9,173172.0,35,74.23,PhD,Not Certified
China,11,68172.0,32,51.34,Bachelor's,Not Certified
China,4,60132.0,36,69.02,PhD,Certified
India,2,58199.0,13,55.31,Diploma,Certified
USA,6,76609.0,6,76.57,Bachelor's,Not Certified
Brazil,14,179088.0,14,69.79,Master's,Certified
India,4,71881.0,37,80.66,Diploma,Not Certified
India,6,64472.0,48,90.28,Diploma,Not Certified
Australia,19,94131.0,15,64.98,Bachelor's,Not Certified
Germany,6,195159.0,47,98.11,Bachelor's,Not Certified
China,2,52828.0,4,76.78,Master's,Not Certified
Germany,18,136664.0,40,80.91,Diploma,Not Certified
UK,13,172473.0,16,84.03,Bachelor's,Certified
Australia,9,55193.0,28,83.34,Master's,Certified
Brazil,19,191379.0,16,75.55,Master's,Not Certified
Germany,13,142518.0,4,71.44,Bachelor's,Certified
Canada,11,59611.0,45,52.69,Diploma,Not Certified
France,1,183022.0,26,51.1,PhD,Certified
UK,7,116240.0,28,67.9,PhD,Certified
USA,15,,32,,,Certified
Brazil,1,,45,,,Not Certified
UK,12,43866.0,2,56.92,PhD,Certified
France,7,168681.0,31,86.91,Bachelor's,Not Certified
Australia,15,111354.0,3,92.85,Master's,Not Certified
France,19,91374.0,8,96.94,Diploma,Not Certified
India,1,154397.0,24,74.62,Master's,Certified
France,17,164577.0,15,85.04,Bachelor's,Certified
India,17,121029.0,43,92.78,PhD,Certified
Australia,3,133574.0,31,70.91,Diploma,Not Certified
South Africa,12,191519.0,9,65.47,Master's,Not Certified
India,6,70431.0,39,96.84,PhD,Certified
USA,11,188980.0,45,75.78,Master's,Not Certified
France,3,69336.0,2,74.86,Diploma,Certified
France,8,,8,,,Certified
USA,14,95350.0,7,55.41,Master's,Certified
Canada,14,109561.0,44,92.11,Master's,Certified
China,10,91955.0,39,80.71,PhD,Not Certified
South Africa,2,101240.0,42,66.29,Diploma,Certified
Brazil,14,191165.0,16,59.59,Diploma,Certified
India,9,177227.0,35,77.77,PhD,Certified
USA,3,86607.0,30,79.2,PhD,Certified
Australia,8,192035.0,10,60.35,PhD,Certified
India,16,92870.0,38,92.57,Bachelor's,Certified
China,2,104110.0,18,54.21,Master's,Certified
Australia,6,192008.0,5,67.8,Master's,Not Certified
UK,12,156895.0,29,84.02,Diploma,Not Certified
France,5,44426.0,39,63.71,Master's,Not Certified
UK,2,67606.0,34,91.38,Bachelor's,Not Certified
India,16,68151.0,43,86.99,PhD,Certified
China,5,51308.0,45,89.45,Diploma,Not Certified
South Africa,15,130306.0,23,55.96,Diploma,Not Certified
India,12,146984.0,5,57.03,Master's,Not Certified
USA,4,42204.0,30,64.32,Diploma,Certified
Germany,15,132769.0,6,75.9,PhD,Not Certified
India,11,,46,,,Not Certified
France,16,71131.0,44,91.83,PhD,Certified
France,6,92428.0,4,85.22,Bachelor's,Not Certified
India,14,73870.0,29,96.43,Bachelor's,Certified
Australia,18,143547.0,23,86.94,PhD,Not Certified
Germany,12,89067.0,6,65.31,Master's,Certified
USA,11,152217.0,32,63.25,Diploma,Not Certified
India,13,192679.0,42,84.81,Master's,Not Certified
Australia,11,196040.0,18,59.64,Diploma,Not Certified
France,16,138934.0,15,54.64,Bachelor's,Certified
France,15,182980.0,40,76.61,Bachelor's,Not Certified
China,15,197495.0,32,91.08,Bachelor's,Certified
India,4,114707.0,9,55.07,Diploma,Certified
Germany,11,101215.0,37,89.59,Bachelor's,Certified
Canada,19,89429.0,10,90.58,Bachelor's,Certified
Germany,15,122152.0,20,74.11,Bachelor's,Not Certified
France,4,148048.0,6,52.87,Bachelor's,Not Certified
France,13,178731.0,48,58.73,Master's,Not Certified
UK,19,117240.0,3,85.37,Bachelor's,Certified
France,2,153688.0,42,85.59,Bachelor's,Not Certified
USA,14,86473.0,11,94.92,Master's,Certified
Brazil,4,136762.0,43,79.13,Master's,Certified
India,16,146956.0,17,56.21,Diploma,Certified
Germany,20,158452.0,32,56.07,PhD,Not Certified
Brazil,14,166311.0,4,86.06,Bachelor's,Not Certified
Australia,15,47006.0,4,59.19,Bachelor's,Certified
Canada,3,114218.0,17,66.42,Bachelor's,Not Certified
USA,8,72430.0,41,74.36,Diploma,Not Certified
Germany,16,63091.0,19,51.24,Bachelor's,Certified
Brazil,10,63989.0,5,62.44,PhD,Certified
Canada,4,115451.0,32,70.39,Master's,Not Certified
UK,18,58990.0,22,63.98,Diploma,Certified
USA,2,130270.0,6,56.82,Master's,Certified
USA,17,120360.0,35,86.4,Bachelor's,Not Certified
UK,13,76081.0,22,90.66,Bachelor's,Not Certified
India,4,182105.0,1,62.87,Bachelor's,Certified
UK,11,148272.0,20,88.72,PhD,Not Certified
USA,7,56241.0,22,69.28,PhD,Certified
USA,12,164932.0,48,75.33,Diploma,Certified
Brazil,10,45939.0,11,92.8,Master's,Not Certified
France,7,153000.0,13,87.5,Bachelor's,Certified
Canada,13,75063.0,42,90.26,Bachelor's,Certified
UK,7,198117.0,3,56.84,Bachelor's,Certified
Canada,17,87118.0,9,53.49,Bachelor's,Not Certified
UK,10,124703.0,12,94.67,PhD,Not Certified
Australia,10,192697.0,23,69.39,Master's,Not Certified
USA,4,168557.0,14,64.39,Master's,Certified
France,20,67076.0,33,86.23,Diploma,Certified
Brazil,4,84605.0,18,91.82,PhD,Not Certified
France,7,124565.0,49,93.12,Bachelor's,Not Certified
France,1,79121.0,41,65.8,Master's,Not Certified
France,12,71433.0,9,92.61,Master's,Certified
Canada,13,83309.0,23,52.05,PhD,Not Certified
UK,10,107468.0,10,52.48,Diploma,Certified
South Africa,15,107293.0,19,81.18,Diploma,Not Certified
Australia,13,136258.0,47,53.16,Bachelor's,Certified
Germany,9,78405.0,5,66.23,Diploma,Certified
France,9,83527.0,47,83.64,Master's,Not Certified
India,15,117227.0,23,66.86,Diploma,Certified
Canada,10,171564.0,30,58.98,Bachelor's,Not Certified
Brazil,10,179883.0,25,64.07,Master's,Certified
Germany,8,133344.0,28,72.88,Diploma,Certified
South Africa,16,195344.0,34,73.77,Diploma,Not Certified
India,17,87153.0,45,89.15,PhD,Certified
South Africa,5,148042.0,48,87.51,Bachelor's,Not Certified
Germany,4,94110.0,47,72.84,Diploma,Not Certified
France,18,185051.0,25,92.28,PhD,Not Certified
India,19,68328.0,10,55.71,Master's,Certified
South Africa,4,152911.0,14,62.77,PhD,Certified
Brazil,7,52867.0,42,91.4,PhD,Certified
UK,10,99234.0,46,68.9,Diploma,Not Certified
USA,18,65851.0,30,99.06,Diploma,Not Certified
UK,19,71279.0,41,73.31,Diploma,Certified
Germany,4,113402.0,25,89.6,PhD,Certified
Canada,10,55449.0,14,70.12,Master's,Not Certified
USA,1,116221.0,35,71.25,Bachelor's,Certified
Australia,18,129080.0,48,69.14,PhD,Not Certified
Brazil,5,45451.0,34,85.95,Diploma,Certified
Australia,15,,10,,,Not Certified
India,17,103761.0,35,97.19,Master's,Certified
USA,3,78870.0,11,62.54,Bachelor's,Certified
Australia,12,136566.0,11,55.03,Diploma,Not Certified
Australia,2,163749.0,21,69.66,PhD,Not Certified
South Africa,1,163765.0,21,80.84,PhD,Not Certified
UK,17,164881.0,22,93.04,Diploma,Certified
South Africa,16,168389.0,45,67.31,PhD,Not Certified
USA,5,65372.0,7,82.69,Diploma,Not Certified
USA,15,43642.0,17,67.51,PhD,Certified
Germany,3,199073.0,2,80.86,PhD,Not Certified
South Africa,7,74064.0,12,94.24,PhD,Not Certified
China,11,54122.0,42,61.57,Master's,Not Certified
UK,10,195892.0,18,70.21,Master's,Certified
USA,9,108431.0,11,99.66,Diploma,Certified
Germany,14,95745.0,16,93.43,Master's,Certified
South Africa,13,90081.0,49,78.23,Diploma,Not Certified
UK,2,179783.0,18,75.83,Bachelor's,Certified
South Africa,3,189865.0,35,64.23,Bachelor's,Not Certified
Australia,7,179271.0,26,75.86,Master's,Not Certified
Germany,18,116253.0,16,92.41,Bachelor's,Not Certified
UK,3,76191.0,6,84.26,Bachelor's,Certified
France,10,50211.0,44,64.5,PhD,Certified
India,7,151086.0,43,60.07,PhD,Not Certified
India,9,192614.0,47,63.26,Diploma,Not Certified
UK,17,141971.0,47,58.49,Bachelor's,Certified
South Africa,11,133783.0,48,54.78,Diploma,Certified
Germany,7,165681.0,42,70.96,Diploma,Certified
India,14,127893.0,12,55.66,Bachelor's,Not Certified
Germany,19,198763.0,13,58.6,Master's,Certified
India,4,117960.0,4,77.37,Bachelor's,Certified
Australia,6,124388.0,39,58.23,PhD,Certified
South Africa,10,62601.0,2,53.19,Bachelor's,Not Certified
Australia,7,189092.0,26,65.87,Master's,Certified
India,13,179227.0,27,61.02,Diploma,Not Certified
France,14,59710.0,27,75.77,Diploma,Not Certified
France,4,148714.0,15,55.12,PhD,Not Certified
Australia,8,195604.0,8,87.59,PhD,Certified
France,5,168727.0,7,95.31,PhD,Certified
India,1,189673.0,47,87.17,Diploma,Certified
UK,4,103227.0,46,76.64,PhD,Not Certified
Australia,3,176039.0,40,93.03,Bachelor's,Certified
Canada,9,124289.0,12,84.75,Diploma,Not Certified
South Africa,8,191094.0,13,50.53,Master's,Certified
France,1,45722.0,43,69.7,Diploma,Certified
France,6,198485.0,17,92.55,Bachelor's,Certified
USA,9,121050.0,17,67.29,Bachelor's,Certified
China,7,123596.0,36,51.76,PhD,Not Certified
Australia,4,106732.0,21,87.31,Diploma,Not Certified
Brazil,13,183369.0,8,90.1,Diploma,Not Certified
France,17,108323.0,5,58.03,Diploma,Not Certified
South Africa,2,63816.0,26,76.87,Master's,Certified
Canada,5,80695.0,16,59.6,PhD,Not Certified
France,12,190774.0,36,85.96,Bachelor's,Not Certified
Canada,8,196314.0,28,63.58,Bachelor's,Not Certified
India,6,95841.0,29,65.81,PhD,Certified
India,8,168498.0,47,92.25,Bachelor's,Not Certified
China,18,147096.0,12,73.82,Bachelor's,Not Certified
UK,3,132764.0,37,83.49,PhD,Certified
Brazil,12,125744.0,30,70.12,Bachelor's,Certified
USA,3,68482.0,23,64.9,Diploma,Not Certified
China,6,49171.0,16,81.27,Master's,Not Certified
Germany,2,140755.0,14,57.74,PhD,Certified
USA,12,148125.0,10,68.65,Master's,Not Certified
Australia,2,170722.0,7,60.45,Bachelor's,Certified
South Africa,6,146082.0,45,84.79,Bachelor's,Not Certified
Germany,17,43696.0,37,97.21,Diploma,Not Certified
Germany,3,166310.0,29,99.78,PhD,Not Certified
China,2,191130.0,3,72.51,Bachelor's,Not Certified
UK,20,191385.0,15,62.63,PhD,Not Certified
China,8,59149.0,36,72.14,PhD,Certified
Australia,12,170064.0,47,92.36,PhD,Certified
France,4,93521.0,46,60.3,PhD,Not Certified
France,5,85740.0,19,97.6,PhD,Not Certified
UK,13,146611.0,13,67.09,Master's,Not Certified
Australia,15,176028.0,42,99.29,Diploma,Certified
UK,16,106641.0,21,91.93,PhD,Certified
Canada,10,103811.0,37,90.43,Master's,Certified
France,16,103232.0,27,65.9,Bachelor's,Certified
Germany,12,55417.0,29,50.44,PhD,Certified
Brazil,17,195801.0,20,69.11,Bachelor's,Certified
South Africa,16,152492.0,25,65.09,PhD,Certified
Australia,12,70099.0,6,51.87,Master's,Certified
USA,8,183674.0,36,75.27,Master's,Not Certified
UK,20,158474.0,2,70.15,Master's,Certified
South Africa,3,49256.0,22,81.73,Diploma,Certified
USA,16,74681.0,32,81.06,Bachelor's,Certified
South Africa,13,131328.0,16,56.04,Diploma,Certified
Brazil,19,83361.0,18,98.85,PhD,Not Certified
USA,8,74540.0,5,59.35,Bachelor's,Certified
China,5,197608.0,36,72.26,Master's,Not Certified
India,20,124700.0,30,74.41,Bachelor's,Not Certified
China,8,118532.0,45,90.65,Master's,Not Certified
France,12,167626.0,19,54.96,Diploma,Certified
India,1,173943.0,23,71.43,Diploma,Certified
China,20,,34,,,Certified
India,6,89812.0,13,60.76,Master's,Not Certified
India,18,193698.0,43,81.37,PhD,Not Certified
Germany,8,148946.0,29,96.18,Diploma,Not Certified
UK,7,106668.0,36,99.88,Diploma,Not Certified
UK,1,139003.0,22,51.62,PhD,Certified
Germany,16,82998.0,47,61.78,Diploma,Certified
South Africa,12,144601.0,36,65.52,Master's,Certified
Canada,6,47812.0,9,69.96,Bachelor's,Not Certified
South Africa,20,,39,,,Not Certified
USA,2,173251.0,19,60.17,Diploma,Certified
USA,14,114601.0,38,97.73,PhD,Certified
India,4,179347.0,6,95.93,Master's,Not Certified
China,1,87857.0,47,52.35,Bachelor's,Certified
China,18,165555.0,15,66.94,Master's,Certified
UK,13,60700.0,20,70.26,Diploma,Not Certified
Australia,2,133330.0,9,61.95,Diploma,Not Certified
South Africa,9,184941.0,32,81.44,Bachelor's,Not Certified
France,2,192026.0,4,82.02,Diploma,Certified
Brazil,9,103353.0,18,92.53,PhD,Not Certified
China,1,140772.0,5,87.04,Diploma,Certified
Brazil,11,131502.0,20,77.13,Diploma,Certified
India,3,153943.0,23,82.68,Diploma,Not Certified
Brazil,20,149850.0,11,63.7,Master's,Certified
France,4,85095.0,37,79.65,Master's,Not Certified
Germany,18,,22,,,Not Certified
France,6,55523.0,4,56.67,Bachelor's,Certified
Brazil,3,102433.0,29,62.13,Bachelor's,Certified
France,11,59991.0,44,64.58,Diploma,Not Certified
Canada,15,50775.0,34,96.22,Master's,Not Certified
India,5,124995.0,13,61.52,PhD,Not Certified
South Africa,20,187745.0,42,64.46,Diploma,Not Certified
Germany,10,162808.0,9,68.47,Diploma,Not Certified
China,12,198128.0,42,83.19,Diploma,Not Certified
USA,15,177686.0,31,55.91,PhD,Certified
South Africa,17,47415.0,7,97.7,Bachelor's,Certified
USA,10,188036.0,4,93.28,PhD,Certified
India,6,77044.0,19,78.86,Bachelor's,Certified
Germany,18,89976.0,42,83.7,PhD,Not Certified
UK,13,43832.0,30,50.83,Master's,Certified
China,3,74148.0,31,66.95,Diploma,Certified
Canada,10,152230.0,35,89.78,Diploma,Not Certified
UK,14,125076.0,21,53.87,Diploma,Certified
India,6,78402.0,31,64.12,Bachelor's,Not Certified
South Africa,3,78578.0,19,79.26,PhD,Not Certified
Canada,16,130453.0,31,62.82,Master's,Not Certified
France,7,193390.0,32,96.7,PhD,Not Certified
Brazil,20,115715.0,2,56.55,Diploma,Not Certified
Canada,14,151435.0,10,89.87,Master's,Certified
India,9,191538.0,2,75.4,Master's,Certified
Australia,15,135742.0,2,87.52,Diploma,Certified
Brazil,3,85475.0,24,65.54,PhD,Not Certified
USA,2,100142.0,17,75.72,Diploma,Certified
China,2,197636.0,32,92.84,PhD,Certified
USA,3,193484.0,16,73.34,Master's,Certified
Canada,18,133526.0,16,67.99,Master's,Certified
USA,14,91001.0,46,76.81,Diploma,Not Certified
India,20,97649.0,39,85.87,Master's,Certified
France,18,184228.0,31,72.18,Bachelor's,Not Certified
South Africa,10,194136.0,43,96.94,Master's,Not Certified
China,2,65711.0,24,64.75,Bachelor's,Certified
USA,1,70106.0,1,73.77,Master's,Not Certified
USA,4,105458.0,11,87.85,Diploma,Not Certified
Canada,14,187661.0,21,84.46,Diploma,Not Certified
South Africa,1,170429.0,4,93.18,Bachelor's,Not Certified
UK,14,141754.0,7,99.84,Diploma,Not Certified
USA,16,178286.0,26,71.34,Master's,Not Certified
India,14,166479.0,47,55.56,Master's,Not Certified
Australia,20,198199.0,12,51.52,Diploma,Certified
China,3,176213.0,31,86.34,Master's,Certified
USA,3,68884.0,17,93.7,PhD,Not Certified
India,9,42708.0,33,61.04,PhD,Not Certified
India,6,58375.0,11,57.92,Master's,Certified
China,13,55088.0,28,53.11,Diploma,Certified
UK,2,97615.0,32,91.14,Bachelor's,Certified
India,8,150138.0,1,65.57,Diploma,Certified
Australia,2,50014.0,47,70.08,Bachelor's,Not Certified
India,4,174345.0,28,75.14,Diploma,Not Certified
India,15,142842.0,42,91.97,Master's,Certified
India,4,118077.0,7,82.54,PhD,Certified
France,13,179784.0,2,80.75,Diploma,Certified
France,12,92874.0,42,58.78,Bachelor's,Certified
UK,13,109087.0,24,75.66,PhD,Not Certified
USA,14,52297.0,4,85.77,Bachelor's,Certified
India,20,67128.0,44,98.66,Master's,Certified
South Africa,18,108368.0,19,60.07,PhD,Certified
USA,6,118958.0,26,50.48,Bachelor's,Not Certified
UK,11,72920.0,11,53.77,Diploma,Not Certified
Germany,2,182228.0,40,68.79,Master's,Not Certified
USA,19,182180.0,43,91.03,Master's,Certified
USA,19,173872.0,11,50.36,Master's,Certified
Brazil,5,173682.0,45,72.84,Diploma,Certified
Canada,19,117603.0,3,66.46,Diploma,Not Certified
Brazil,2,73872.0,12,52.62,PhD,Not Certified
Australia,10,50728.0,3,72.51,Diploma,Certified
France,2,135102.0,42,62.74,PhD,Certified
France,11,162049.0,27,67.59,Master's,Not Certified
Canada,18,60583.0,49,85.28,PhD,Certified
China,15,125774.0,2,76.08,Bachelor's,Certified
China,9,178335.0,49,56.23,Master's,Certified
UK,19,166374.0,16,98.07,Master's,Not Certified
Canada,9,190528.0,2,81.8,PhD,Certified
USA,3,131118.0,30,88.29,Master's,Certified
China,9,,20,,,Certified
India,14,53689.0,38,52.35,Bachelor's,Certified
South Africa,19,73276.0,28,50.97,PhD,Not Certified
USA,7,141968.0,25,59.44,PhD,Not Certified
Australia,16,190945.0,32,70.72,Master's,Not Certified
India,16,53050.0,10,96.79,Diploma,Certified
India,1,106216.0,42,72.85,Master's,Not Certified
Canada,4,124040.0,40,64.51,Master's,Certified
UK,4,61644.0,33,78.1,PhD,Not Certified
Australia,7,102021.0,13,55.6,Master's,Certified
China,8,82291.0,41,80.48,Bachelor's,Not Certified
Canada,17,172610.0,42,78.42,Master's,Not Certified
China,5,81520.0,47,89.6,Master's,Not Certified
Canada,7,65675.0,37,99.33,PhD,Certified
Canada,20,189359.0,16,62.54,Master's,Certified
Canada,20,40174.0,45,75.48,Diploma,Certified
UK,4,132268.0,22,95.44,PhD,Not Certified
Canada,6,74998.0,20,89.26,Master's,Certified
Germany,7,183184.0,43,74.37,Bachelor's,Certified
South Africa,18,145410.0,27,97.27,Bachelor's,Certified
China,5,115225.0,41,52.86,PhD,Certified
USA,20,84814.0,16,96.55,PhD,Certified
Brazil,3,125091.0,34,52.53,Master's,Certified
Australia,7,90719.0,32,77.37,Diploma,Not Certified
France,14,169887.0,26,94.52,Master's,Not Certified
UK,7,73919.0,25,63.14,Bachelor's,Certified
USA,5,113155.0,2,73.61,Diploma,Not Certified
India,5,111569.0,12,66.22,Diploma,Not Certified
Germany,2,81328.0,40,97.61,Diploma,Certified
France,6,64618.0,9,91.18,Master's,Certified
Brazil,15,74675.0,12,85.45,Bachelor's,Not Certified
USA,10,58919.0,26,79.38,PhD,Certified
France,7,44173.0,9,91.03,Master's,Not Certified
USA,5,149369.0,10,69.61,PhD,Not Certified
Germany,1,66400.0,32,72.38,Diploma,Not Certified
Brazil,13,110305.0,34,86.5,Diploma,Certified
India,18,128791.0,48,67.89,Master's,Not Certified
Canada,13,199034.0,20,53.2,Bachelor's,Certified
China,18,110533.0,39,53.72,Diploma,Certified
India,5,143591.0,2,55.77,PhD,Certified
Canada,13,181650.0,1,93.48,PhD,Certified
UK,4,171060.0,36,73.61,Master's,Certified
South Africa,17,189696.0,24,85.64,PhD,Not Certified
Australia,3,79194.0,27,69.65,Bachelor's,Certified
Australia,17,149903.0,2,62.94,Diploma,Certified
China,11,,31,,,Certified
Brazil,20,139303.0,14,89.71,PhD,Certified
Germany,4,153903.0,2,81.26,Diploma,Certified
Brazil,2,107391.0,29,96.88,Master's,Not Certified
Germany,20,184866.0,15,83.99,PhD,Certified
Brazil,16,98002.0,12,78.51,Master's,Certified
South Africa,18,75531.0,37,80.51,Master's,Not Certified
UK,8,44986.0,28,97.12,PhD,Certified
UK,3,72298.0,20,89.41,Bachelor's,Not Certified
Canada,9,41481.0,39,51.2,Master's,Not Certified
France,20,,24,,,Not Certified
UK,6,161950.0,21,84.42,Master's,Not Certified
UK,10,187907.0,10,87.43,Diploma,Certified
India,10,165355.0,46,60.66,Bachelor's,Certified
India,13,67798.0,14,93.36,Bachelor's,Not Certified
Canada,17,131649.0,37,97.79,Diploma,Not Certified
France,9,104887.0,18,61.84,Diploma,Certified
China,17,59477.0,24,94.13,Master's,Not Certified
India,9,188338.0,14,54.85,Diploma,Not Certified
China,9,167815.0,34,52.79,Bachelor's,Not Certified
USA,1,167426.0,12,56.46,Diploma,Certified
India,2,182961.0,22,52.89,PhD,Not Certified
South Africa,16,64335.0,6,92.25,PhD,Certified
France,1,182326.0,36,52.95,Master's,Certified
Canada,10,126610.0,45,63.58,Bachelor's,Certified
USA,18,51442.0,36,55.19,PhD,Not Certified
France,8,86289.0,22,64.77,Diploma,Not Certified
South Africa,11,93747.0,14,54.53,PhD,Certified
France,2,77327.0,16,83.4,PhD,Certified
South Africa,8,,36,,,Certified
South Africa,8,112827.0,25,92.59,Diploma,Not Certified
China,17,146464.0,32,90.86,Diploma,Not Certified
Brazil,15,171184.0,33,50.68,Diploma,Certified
USA,17,127051.0,45,94.79,Master's,Certified
France,13,190653.0,36,51.45,Diploma,Not Certified
Germany,19,99722.0,20,61.98,Diploma,Certified
USA,5,132036.0,18,51.62,PhD,Not Certified
Brazil,12,187595.0,38,66.79,PhD,Not Certified
USA,1,106960.0,3,75.69,Diploma,Certified
UK,5,59552.0,23,89.83,Bachelor's,Certified
Germany,8,181880.0,32,66.9,Bachelor's,Not Certified
Brazil,13,194692.0,45,85.27,Diploma,Not Certified
China,8,40887.0,16,59.38,Bachelor's,Not Certified
France,11,71802.0,5,87.53,Master's,Not Certified
Australia,1,125024.0,4,61.8,PhD,Not Certified
Brazil,13,158639.0,21,57.18,Master's,Certified
Canada,19,158248.0,40,59.27,PhD,Not Certified
France,3,121938.0,14,59.1,Bachelor's,Not Certified
Brazil,17,162746.0,39,75.64,Bachelor's,Not Certified
UK,5,66049.0,31,92.24,Diploma,Certified
Australia,20,117789.0,14,53.98,Bachelor's,Certified
UK,8,,6,,,Not Certified
Australia,14,178918.0,12,82.72,Diploma,Not Certified
Canada,4,86220.0,16,93.63,Diploma,Certified
France,11,86163.0,17,62.21,PhD,Certified
China,20,174837.0,45,72.51,Bachelor's,Certified
UK,15,157126.0,23,96.29,PhD,Certified
UK,19,121486.0,14,83.0,PhD,Not Certified
South Africa,7,115277.0,7,69.44,Master's,Certified
Australia,19,144245.0,46,56.57,Bachelor's,Not Certified
India,19,162332.0,32,63.12,Bachelor's,Not Certified
France,11,62931.0,15,79.06,Master's,Certified
Australia,5,129116.0,44,85.91,PhD,Certified
South Africa,5,95633.0,17,56.22,Bachelor's,Certified
USA,8,91913.0,41,79.98,PhD,Certified
Australia,10,134776.0,47,77.52,Master's,Not Certified
China,6,65991.0,44,75.7,Diploma,Not Certified
France,15,144092.0,34,84.51,PhD,Not Certified
South Africa,16,181633.0,5,91.87,Bachelor's,Certified
USA,17,187973.0,45,66.15,Diploma,Not Certified
Germany,8,135556.0,27,94.45,PhD,Certified
South Africa,8,,23,,,Not Certified
Germany,9,196989.0,40,58.65,Diploma,Certified
France,2,102120.0,14,63.34,Diploma,Not Certified
UK,15,173060.0,15,55.98,Diploma,Not Certified
South Africa,18,150041.0,43,61.52,Bachelor's,Certified
Canada,3,168467.0,33,55.32,Bachelor's,Not Certified
Germany,17,185328.0,31,91.09,PhD,Not Certified
China,4,158490.0,35,56.95,PhD,Certified
Canada,4,166155.0,17,87.36,Master's,Certified
Brazil,14,68230.0,28,52.4,Bachelor's,Certified
Brazil,9,99778.0,19,97.43,PhD,Certified
USA,9,85833.0,46,85.56,Diploma,Certified
UK,18,62625.0,23,50.34,Diploma,Not Certified
France,10,72088.0,32,88.19,Bachelor's,Certified
South Africa,4,143937.0,40,75.7,Diploma,Not Certified
India,12,116361.0,13,88.97,Master's,Not Certified
China,8,128229.0,20,76.12,PhD,Certified
Germany,2,175189.0,35,82.05,PhD,Not Certified
France,13,130265.0,5,89.32,PhD,Not Certified
Canada,16,137718.0,9,70.26,Bachelor's,Certified
Brazil,2,100710.0,29,50.14,Diploma,Not Certified
China,11,134876.0,6,92.5,Master's,Certified
India,10,70949.0,25,69.04,Bachelor's,Certified
South Africa,15,193619.0,31,74.8,PhD,Certified
USA,17,108136.0,22,50.39,Master's,Not Certified
India,8,151541.0,2,74.6,PhD,Not Certified
China,18,101842.0,45,99.32,PhD,Not Certified
India,9,66990.0,5,63.91,Bachelor's,Not Certified
China,8,187265.0,27,69.77,PhD,Certified
China,14,70109.0,25,84.36,Master's,Not Certified
Australia,18,170356.0,8,90.74,PhD,Certified
Germany,20,190305.0,1,70.87,Diploma,Not Certified
Brazil,20,168133.0,20,65.48,PhD,Not Certified
Australia,12,41306.0,44,96.89,Bachelor's,Not Certified
South Africa,19,43849.0,23,83.86,Master's,Not Certified
Australia,14,52360.0,32,55.95,Bachelor's,Not Certified
UK,17,151072.0,11,53.45,Diploma,Certified
UK,3,134767.0,39,74.18,PhD,Not Certified
Brazil,7,94330.0,47,61.0,Bachelor's,Not Certified
India,17,91707.0,24,62.7,Bachelor's,Not Certified
Germany,12,58689.0,11,93.88,Bachelor's,Not Certified
Brazil,9,69084.0,29,54.48,Bachelor's,Certified
China,15,80387.0,26,85.77,Diploma,Not Certified
Canada,18,114816.0,16,63.56,Diploma,Certified
Germany,13,42642.0,35,88.02,PhD,Not Certified
Germany,8,82137.0,20,86.12,PhD,Certified
China,14,102260.0,46,50.37,Master's,Certified
China,8,186510.0,3,75.46,Diploma,Certified
USA,14,88442.0,1,56.97,Bachelor's,Certified
Brazil,7,143061.0,47,93.31,Bachelor's,Certified
China,12,174066.0,1,93.58,Master's,Not Certified
UK,11,165844.0,17,70.92,Bachelor's,Certified
South Africa,11,139575.0,2,72.22,Master's,Not Certified
Canada,13,41813.0,29,65.16,PhD,Certified
Brazil,18,133027.0,20,85.83,Diploma,Certified
France,2,163489.0,6,67.93,Master's,Not Certified
UK,15,124381.0,8,63.39,Bachelor's,Certified
India,20,95276.0,29,71.61,Master's,Certified
China,18,81243.0,48,54.57,PhD,Certified
France,15,100272.0,33,87.33,Bachelor's,Certified
China,19,105618.0,3,50.63,PhD,Not Certified
Germany,12,41920.0,35,82.22,PhD,Certified
UK,13,146121.0,5,59.14,Master's,Certified
Germany,11,116872.0,27,61.62,PhD,Not Certified
USA,5,121132.0,44,81.78,Bachelor's,Not Certified
Germany,1,42093.0,12,99.65,PhD,Certified
USA,3,52905.0,20,88.89,PhD,Certified
USA,19,161759.0,45,61.29,Master's,Not Certified
France,7,195423.0,20,58.8,PhD,Certified
China,12,70981.0,9,93.31,Diploma,Not Certified
India,15,113903.0,39,72.21,Master's,Certified
Germany,5,110821.0,4,56.85,Master's,Not Certified
UK,15,149200.0,19,93.11,Bachelor's,Not Certified
USA,8,122289.0,38,90.8,Bachelor's,Not Certified
China,10,156506.0,27,99.2,Bachelor's,Certified
Canada,16,118513.0,45,95.49,Bachelor's,Certified
Brazil,8,190946.0,43,92.59,Diploma,Certified
France,1,178746.0,13,52.63,Master's,Certified
India,12,90516.0,13,55.22,PhD,Not Certified
Australia,5,109212.0,22,78.45,Bachelor's,Not Certified
France,3,173498.0,28,76.57,Bachelor's,Not Certified
Canada,1,170970.0,47,72.9,Bachelor's,Certified
Brazil,4,130009.0,45,69.84,PhD,Certified
Canada,8,84816.0,22,71.56,Bachelor's,Certified
Germany,3,44138.0,43,78.46,PhD,Not Certified
USA,10,131176.0,19,50.1,Master's,Certified
India,2,115945.0,8,63.04,Master's,Certified
South Africa,11,44017.0,8,75.91,Master's,Not Certified
USA,10,50451.0,42,86.11,Diploma,Not Certified
South Africa,14,133863.0,26,58.71,PhD,Certified
Brazil,7,50278.0,48,77.34,Bachelor's,Not Certified
China,2,83764.0,26,85.72,Bachelor's,Certified
Australia,9,163030.0,23,72.23,Bachelor's,Not Certified
UK,16,172206.0,43,51.35,Bachelor's,Not Certified
USA,13,102943.0,13,72.46,Diploma,Not Certified
India,9,135667.0,28,64.82,Bachelor's,Certified
Canada,20,94318.0,9,96.48,Diploma,Certified
India,4,,20,,,Certified
Brazil,10,143998.0,19,82.62,Master's,Not Certified
South Africa,12,100128.0,48,52.64,Bachelor's,Not Certified
Canada,17,61869.0,39,72.31,Master's,Not Certified
UK,14,45039.0,12,77.7,PhD,Not Certified
UK,14,192353.0,15,64.9,PhD,Certified
USA,2,152935.0,31,72.75,Bachelor's,Certified
Brazil,20,50442.0,14,58.18,PhD,Certified
China,11,113788.0,11,65.21,Master's,Not Certified
Brazil,16,159729.0,26,81.06,Bachelor's,Not Certified
South Africa,19,67586.0,42,65.09,Diploma,Certified
India,6,93053.0,27,94.99,Bachelor's,Not Certified
UK,19,126346.0,11,81.42,Master's,Certified
India,5,107087.0,38,71.93,Bachelor's,Not Certified
India,4,183697.0,34,51.94,Bachelor's,Not Certified
India,15,74397.0,43,74.98,Master's,Certified
UK,4,98671.0,19,88.24,Bachelor's,Certified
France,20,156214.0,6,63.28,Bachelor's,Not Certified
Germany,10,106897.0,46,90.34,Master's,Certified
South Africa,3,197221.0,38,62.59,PhD,Certified
France,5,176355.0,49,91.19,Master's,Not Certified
South Africa,6,,42,,,Not Certified
Canada,8,54924.0,28,93.31,Diploma,Not Certified
Brazil,7,153143.0,1,74.96,Diploma,Certified
Brazil,10,150253.0,35,64.83,Master's,Not Certified
Australia,6,140297.0,40,63.26,Diploma,Not Certified
Brazil,14,40869.0,8,71.6,Bachelor's,Not Certified
UK,4,137088.0,47,99.95,Bachelor's,Not Certified
China,13,41014.0,7,61.02,Master's,Not Certified
USA,20,50103.0,11,55.16,Bachelor's,Certified
Australia,17,150317.0,39,79.25,PhD,Not Certified
USA,7,122409.0,4,74.43,Bachelor's,Not Certified
South Africa,4,63248.0,25,76.21,Master's,Certified
USA,14,195242.0,12,83.35,PhD,Not Certified
USA,3,48024.0,26,63.36,PhD,Not Certified
Australia,5,125947.0,38,95.53,Diploma,Certified
Canada,16,190368.0,46,71.78,Bachelor's,Not Certified
India,20,131829.0,12,56.45,Master's,Certified
Brazil,4,132708.0,43,87.11,Diploma,Not Certified
Brazil,2,126664.0,37,82.16,Diploma,Certified
UK,18,189329.0,46,65.79,Bachelor's,Certified
Australia,19,183927.0,24,81.08,Bachelor's,Not Certified
UK,19,125178.0,16,60.99,Master's,Certified
China,17,141121.0,13,72.24,Diploma,Certified
China,14,60025.0,25,94.97,Master's,Not Certified
UK,19,175530.0,4,56.68,Diploma,Not Certified
Australia,13,103610.0,11,69.33,Diploma,Certified
UK,12,110843.0,32,91.06,Diploma,Not Certified
Brazil,6,147237.0,49,98.47,Bachelor's,Certified
France,4,170299.0,7,72.7,Diploma,Certified
Germany,19,45668.0,46,75.35,Diploma,Not Certified
USA,16,113233.0,11,78.61,Diploma,Not Certified
Germany,13,195489.0,28,96.62,PhD,Certified
Australia,4,121982.0,41,92.91,Bachelor's,Not Certified
Germany,17,146133.0,23,58.53,PhD,Not Certified
China,1,50751.0,45,71.84,Bachelor's,Certified
South Africa,18,86218.0,23,73.2,Master's,Certified
USA,20,166649.0,28,89.45,PhD,Certified
India,17,47352.0,43,80.14,Master's,Certified
Australia,15,128835.0,47,82.71,Diploma,Certified
USA,11,137493.0,26,99.91,Master's,Certified
Germany,13,68927.0,25,53.75,Master's,Not Certified
China,1,141948.0,29,61.15,Master's,Certified
Canada,17,69493.0,19,70.39,Master's,Not Certified
France,6,71707.0,33,67.39,Bachelor's,Not Certified
India,4,178368.0,36,51.08,PhD,Certified
France,20,196470.0,14,54.59,Bachelor's,Not Certified
USA,16,75842.0,14,84.05,Bachelor's,Certified
China,15,53261.0,35,93.97,Bachelor's,Not Certified
China,15,116709.0,30,75.71,Master's,Certified
Germany,6,135985.0,28,76.96,Bachelor's,Certified
Brazil,15,146616.0,17,62.75,PhD,Certified
Germany,14,107173.0,3,88.39,Bachelor's,Certified
Brazil,11,71781.0,16,87.59,Diploma,Not Certified
Brazil,7,53652.0,46,79.42,Master's,Not Certified
India,9,45103.0,30,60.63,Diploma,Not Certified
Germany,16,65500.0,29,54.85,PhD,Not Certified
Canada,5,140336.0,45,53.21,PhD,Not Certified
UK,20,153499.0,15,79.63,PhD,Certified
UK,10,189524.0,46,91.25,PhD,Certified
Germany,18,89393.0,25,92.92,Bachelor's,Certified
Germany,3,87406.0,38,73.18,Master's,Certified
France,13,103059.0,42,89.21,PhD,Certified
India,11,187026.0,47,97.34,Diploma,Not Certified
Germany,17,122722.0,38,63.76,PhD,Certified
France,13,52356.0,23,69.9,Master's,Certified
Brazil,6,168128.0,25,96.57,Diploma,Not Certified
China,17,42187.0,42,66.91,Diploma,Not Certified
China,13,117243.0,7,95.69,Diploma,Certified
Brazil,19,75098.0,22,99.05,Bachelor's,Certified
Australia,19,192297.0,17,83.09,PhD,Not Certified
France,10,174678.0,18,90.84,Bachelor's,Certified
France,3,97620.0,49,87.48,Diploma,Certified
Brazil,14,166270.0,41,84.98,Bachelor's,Certified
Canada,19,197561.0,10,65.35,Bachelor's,Not Certified
South Africa,5,54387.0,10,52.85,Bachelor's,Certified
USA,5,,7,,,Certified
Brazil,20,173663.0,48,83.35,Diploma,Not Certified
Germany,17,131683.0,38,55.13,Diploma,Not Certified
Germany,10,102061.0,27,50.6,PhD,Not Certified
India,5,121257.0,33,56.98,Bachelor's,Certified
Brazil,4,101753.0,1,85.79,Bachelor's,Not Certified
India,6,124774.0,44,98.64,Master's,Certified
Brazil,4,182159.0,34,99.15,Master's,Not Certified
France,7,63408.0,4,74.7,Master's,Certified
USA,7,164116.0,17,93.47,PhD,Not Certified
France,18,171208.0,4,86.84,Diploma,Certified
South Africa,3,57413.0,43,75.05,Master's,Certified
China,1,153650.0,26,78.64,Diploma,Not Certified
UK,4,99500.0,4,56.86,Diploma,Not Certified
Brazil,6,124514.0,1,96.88,Diploma,Certified
South Africa,9,96358.0,7,67.6,PhD,Not Certified
China,14,106197.0,30,72.31,PhD,Certified
Australia,12,116240.0,9,83.58,PhD,Not Certified
USA,20,56322.0,35,66.7,PhD,Not Certified
India,4,153053.0,8,62.71,Master's,Certified
India,12,46968.0,24,81.55,Bachelor's,Not Certified
France,10,67518.0,19,51.25,Bachelor's,Not Certified
Germany,7,91925.0,36,86.04,Bachelor's,Certified
China,3,151900.0,43,75.7,Master's,Certified
Australia,14,133422.0,27,80.29,Bachelor's,Not Certified
South Africa,10,41700.0,32,81.59,Master's,Certified
USA,16,133782.0,14,76.35,Master's,Not Certified
China,16,63199.0,18,79.13,Master's,Not Certified
Australia,10,45520.0,28,84.19,Bachelor's,Certified
UK,13,149814.0,29,87.66,Diploma,Certified
Brazil,6,163364.0,16,86.37,Bachelor's,Certified
India,12,54955.0,35,93.48,Bachelor's,Certified
South Africa,9,,47,,,Certified
India,13,104925.0,31,70.06,Master's,Certified
South Africa,4,147216.0,4,97.39,Diploma,Not Certified
France,11,110269.0,37,69.83,PhD,Not Certified
Germany,20,81458.0,17,56.24,Diploma,Certified
South Africa,18,129037.0,39,76.27,Diploma,Not Certified
India,11,192185.0,48,55.47,Master's,Not Certified
France,4,139977.0,46,60.14,Bachelor's,Not Certified
South Africa,18,83939.0,26,99.92,Master's,Not Certified
UK,1,69345.0,48,77.07,Master's,Certified
Germany,7,150107.0,39,64.2,PhD,Not Certified
South Africa,6,161866.0,41,99.74,Master's,Not Certified
France,15,109166.0,4,98.33,Bachelor's,Certified
China,18,137406.0,30,72.04,Diploma,Certified
Canada,11,89298.0,30,63.02,Master's,Certified
Australia,20,84942.0,22,91.92,Diploma,Certified
Canada,15,43453.0,11,85.78,Master's,Not Certified
Canada,16,142811.0,2,84.35,Diploma,Certified
USA,7,94935.0,44,94.66,Master's,Not Certified
UK,10,162439.0,12,84.47,PhD,Not Certified
China,12,48328.0,30,64.19,Diploma,Certified
Brazil,14,55534.0,36,84.69,Master's,Certified
South Africa,5,125280.0,18,65.29,Master's,Certified
Australia,18,76320.0,26,87.96,PhD,Certified
Germany,5,89170.0,7,80.99,PhD,Certified
China,3,140546.0,1,53.87,PhD,Certified
India,5,120201.0,26,75.64,Diploma,Not Certified
Brazil,17,48640.0,23,67.17,Diploma,Not Certified
USA,19,176690.0,26,66.43,PhD,Not Certified
USA,19,,45,,,Not Certified
China,12,83937.0,6,66.12,Bachelor's,Certified
France,9,183279.0,6,88.84,Master's,Certified
Canada,1,181871.0,44,53.54,Bachelor's,Not Certified
India,18,199988.0,8,83.02,Master's,Not Certified
USA,4,110463.0,24,90.46,Diploma,Not Certified
Australia,10,133500.0,22,83.64,Diploma,Certified
USA,7,77158.0,19,74.86,Bachelor's,Certified
Germany,1,124607.0,37,97.52,Diploma,Certified
South Africa,17,159639.0,18,65.0,PhD,Not Certified
USA,2,111696.0,31,50.96,PhD,Not Certified
Germany,11,101510.0,37,71.6,Bachelor's,Certified
China,9,160076.0,30,51.65,Bachelor's,Certified
China,7,98692.0,42,97.7,Master's,Not Certified
Brazil,17,170841.0,33,60.5,Diploma,Not Certified
USA,17,55810.0,10,89.45,Master's,Certified
Australia,2,176198.0,37,88.73,Master's,Not Certified
USA,6,151718.0,12,60.89,PhD,Certified
Australia,14,130932.0,30,81.06,PhD,Certified
UK,6,40192.0,27,52.4,PhD,Not Certified
Brazil,2,76413.0,39,74.18,PhD,Not Certified
UK,1,183888.0,9,50.73,Master's,Not Certified
USA,10,79082.0,21,96.06,PhD,Certified
Brazil,5,105048.0,12,98.8,Diploma,Not Certified
UK,2,163130.0,29,61.11,PhD,Not Certified
Canada,16,90940.0,33,60.41,PhD,Certified
USA,2,80142.0,43,87.69,PhD,Certified
UK,10,76468.0,15,62.67,Bachelor's,Not Certified
Canada,2,181727.0,2,94.75,Diploma,Certified
Canada,16,180431.0,39,78.7,Diploma,Certified
China,16,169048.0,44,67.54,Master's,Certified
USA,19,82056.0,18,91.63,Master's,Not Certified
Canada,7,91831.0,3,74.67,PhD,Not Certified
China,12,99191.0,7,95.58,Bachelor's,Certified
UK,15,161948.0,43,96.4,Master's,Certified
Germany,8,148117.0,18,58.27,Master's,Certified
USA,6,54671.0,44,50.12,PhD,Not Certified
Brazil,10,67048.0,38,99.2,PhD,Certified
Australia,3,65963.0,37,95.31,Master's,Certified
Australia,19,83954.0,33,52.77,Master's,Not Certified
UK,17,135430.0,44,91.65,Diploma,Certified
France,7,40717.0,31,72.89,Bachelor's,Not Certified
France,20,51676.0,11,62.95,Diploma,Not Certified
UK,4,175506.0,4,93.94,Master's,Not Certified
Canada,14,158696.0,18,59.83,Diploma,Certified
USA,20,170830.0,4,97.36,Diploma,Certified
Australia,15,44994.0,49,60.28,Master's,Not Certified
Australia,8,44234.0,34,80.68,PhD,Certified
Canada,15,109300.0,29,61.15,Master's,Not Certified
Australia,20,83949.0,24,77.28,PhD,Certified
Brazil,14,77405.0,22,84.2,Master's,Not Certified
USA,9,74872.0,2,59.51,Master's,Not Certified
South Africa,8,82215.0,44,76.04,Master's,Certified
Australia,17,63185.0,6,73.45,Bachelor's,Certified
UK,2,81153.0,42,53.55,PhD,Certified
Brazil,3,117535.0,25,90.92,Bachelor's,Certified
Australia,8,173653.0,21,66.78,Master's,Not Certified
Brazil,12,91717.0,16,78.73,Diploma,Not Certified
China,1,42763.0,31,75.74,Bachelor's,Certified
South Africa,10,132910.0,14,75.66,PhD,Certified
India,20,,39,,,Not Certified
UK,3,158094.0,28,71.17,Bachelor's,Certified
UK,6,196379.0,32,72.62,Diploma,Certified
USA,7,51064.0,28,86.68,Bachelor's,Certified
Brazil,20,116848.0,49,92.0,PhD,Certified
Canada,18,77548.0,9,77.25,Bachelor's,Not Certified
UK,11,46476.0,45,54.34,Diploma,Not Certified
Brazil,19,130101.0,22,61.84,Diploma,Certified
Brazil,5,42382.0,32,58.25,PhD,Not Certified
Germany,19,198018.0,5,56.23,Diploma,Certified
Germany,11,119698.0,23,68.29,Master's,Certified
India,12,193407.0,5,61.47,Diploma,Certified
China,10,85095.0,42,60.92,Master's,Not Certified
India,8,169974.0,32,52.73,Bachelor's,Not Certified
Australia,9,67197.0,10,50.88,Master's,Not Certified
Canada,4,167619.0,39,55.14,Master's,Not Certified
Australia,5,62010.0,15,58.61,Bachelor's,Not Certified
France,8,195195.0,7,71.55,Diploma,Certified
Australia,9,127923.0,29,75.53,Master's,Certified
USA,15,173962.0,47,57.03,Diploma,Not Certified
Australia,15,170526.0,3,71.24,Bachelor's,Not Certified
India,16,149162.0,19,67.09,PhD,Not Certified
UK,14,160927.0,10,59.17,Diploma,Certified
UK,8,48026.0,28,50.34,Diploma,Not Certified
Germany,18,104925.0,29,73.35,PhD,Certified
Canada,10,108842.0,15,84.28,PhD,Certified
Canada,20,73665.0,35,61.31,Bachelor's,Not Certified
USA,6,49277.0,6,56.59,Diploma,Certified
India,12,88008.0,12,94.35,Diploma,Certified
Germany,2,54683.0,47,63.75,Bachelor's,Not Certified
France,7,171742.0,38,61.18,Diploma,Certified
Canada,16,188961.0,13,92.85,Master's,Not Certified
UK,3,118542.0,29,90.86,Master's,Certified
Australia,13,94319.0,19,72.42,Master's,Not Certified
Australia,3,132067.0,3,74.46,Diploma,Not Certified
Germany,18,192711.0,8,60.89,Master's,Certified
India,11,187705.0,8,53.92,Master's,Not Certified
India,8,108975.0,20,78.67,Bachelor's,Certified
China,6,141158.0,47,54.92,Bachelor's,Certified
South Africa,1,51577.0,4,72.46,PhD,Not Certified
Canada,1,117299.0,21,97.02,PhD,Certified
India,8,60176.0,3,97.64,PhD,Not Certified
UK,5,103972.0,45,61.97,PhD,Certified
Germany,16,160018.0,8,81.21,Bachelor's,Certified
France,11,59996.0,23,73.7,Bachelor's,Not Certified
China,5,140922.0,16,93.78,Bachelor's,Certified
Brazil,4,126598.0,13,63.57,Master's,Certified
USA,6,75931.0,3,50.19,Master's,Certified
France,14,164168.0,48,58.13,PhD,Certified
Brazil,19,163099.0,9,67.48,Master's,Certified
Australia,9,74693.0,14,65.79,Diploma,Certified
USA,12,148944.0,13,89.57,Bachelor's,Certified
Canada,11,57374.0,7,84.03,PhD,Certified
UK,14,121471.0,15,64.98,PhD,Not Certified
USA,16,85913.0,7,72.89,Diploma,Certified
South Africa,1,163683.0,38,54.78,Master's,Certified
Brazil,13,84516.0,34,94.91,PhD,Not Certified
Canada,13,127796.0,41,96.77,Master's,Not Certified
South Africa,2,66069.0,22,98.99,Master's,Not Certified
Australia,4,158333.0,24,93.43,Diploma,Certified
South Africa,6,124811.0,49,58.7,PhD,Not Certified
China,5,158028.0,37,52.31,Master's,Not Certified
China,3,79178.0,44,78.98,Master's,Certified
Germany,1,72821.0,1,95.63,Diploma,Certified
France,4,56999.0,10,58.87,Diploma,Not Certified
France,20,78712.0,43,50.35,Master's,Not Certified
Canada,2,73722.0,16,90.27,Diploma,Certified
Australia,5,50625.0,46,53.84,Master's,Certified
India,3,46859.0,8,70.69,PhD,Certified
China,9,150986.0,49,83.94,Bachelor's,Certified
Canada,20,61839.0,25,61.84,Diploma,Certified
India,6,67216.0,12,54.2,Bachelor's,Not Certified
France,18,92953.0,25,88.5,Master's,Certified
Germany,6,89522.0,17,81.51,Master's,Certified
South Africa,19,175958.0,26,99.42,Master's,Certified
China,12,151249.0,46,67.22,Bachelor's,Certified
Canada,11,47485.0,48,53.09,Master's,Certified
USA,2,187839.0,14,86.72,Diploma,Not Certified
India,15,152701.0,41,76.09,PhD,Certified
South Africa,12,199525.0,36,60.66,PhD,Not Certified
China,12,142638.0,23,89.09,Diploma,Certified
France,9,52226.0,43,60.19,PhD,Not Certified
Australia,2,133405.0,6,63.03,Bachelor's,Not Certified
India,3,62588.0,47,54.63,Master's,Certified
France,12,77019.0,5,69.97,Master's,Certified
China,16,105133.0,43,70.95,Master's,Certified
India,1,154444.0,25,75.73,Bachelor's,Certified
South Africa,3,157603.0,18,85.45,Bachelor's,Certified
China,20,198598.0,13,95.31,Bachelor's,Not Certified
Brazil,2,168585.0,43,56.89,Diploma,Certified
Canada,9,83395.0,14,52.72,Bachelor's,Certified
South Africa,19,195103.0,28,50.93,PhD,Not Certified
India,15,165814.0,18,57.18,Diploma,Certified
Australia,18,152599.0,28,82.9,Diploma,Not Certified
France,11,65939.0,27,86.37,Diploma,Certified
USA,16,191396.0,32,89.33,Bachelor's,Not Certified
France,17,193939.0,47,62.19,Diploma,Certified
India,5,40203.0,9,65.29,Bachelor's,Not Certified
France,12,187616.0,40,74.16,Bachelor's,Not Certified
Canada,11,186971.0,32,53.16,Diploma,Certified
China,15,69063.0,20,80.56,Master's,Certified
USA,3,130880.0,28,99.19,Master's,Certified
UK,1,43748.0,33,68.04,Diploma,Not Certified
India,20,157269.0,4,87.64,Master's,Not Certified
Germany,16,120764.0,46,75.0,PhD,Not Certified
UK,2,191956.0,34,56.39,PhD,Certified
France,2,196255.0,48,79.11,Bachelor's,Certified
India,3,148036.0,3,64.99,Master's,Not Certified
Brazil,8,190331.0,26,51.72,PhD,Certified
Germany,15,156525.0,8,81.75,Diploma,Not Certified
USA,7,125679.0,6,92.95,Master's,Certified
Australia,6,165829.0,16,67.24,PhD,Certified
Brazil,9,168216.0,24,69.51,PhD,Not Certified
UK,20,173175.0,48,94.55,Diploma,Certified
China,1,105901.0,39,90.68,Bachelor's,Certified
Canada,8,187175.0,30,85.75,Diploma,Certified
Australia,3,138046.0,45,62.44,Bachelor's,Certified
Brazil,4,130012.0,13,95.51,PhD,Certified
China,15,118278.0,5,57.72,Bachelor's,Not Certified
China,6,52391.0,25,81.34,PhD,Certified
India,15,142476.0,20,51.44,PhD,Not Certified
Brazil,3,199973.0,18,82.19,Master's,Certified
USA,14,160721.0,47,63.86,Bachelor's,Certified
France,20,137537.0,18,72.48,Bachelor's,Not Certified
Germany,14,121159.0,2,67.26,Bachelor's,Not Certified
Germany,4,171040.0,10,58.64,Diploma,Certified
UK,12,75503.0,45,81.1,Master's,Certified
UK,17,115403.0,47,94.1,Master's,Not Certified
Germany,7,104286.0,12,97.95,Master's,Not Certified
USA,9,114842.0,47,59.62,Diploma,Not Certified
Canada,3,144927.0,13,85.87,Bachelor's,Not Certified
South Africa,13,54908.0,47,83.22,Bachelor's,Certified
France,15,77228.0,11,67.17,Bachelor's,Certified
Canada,18,63386.0,19,50.95,Master's,Certified
India,19,68302.0,35,84.49,Master's,Certified
South Africa,1,100815.0,39,97.27,PhD,Certified
South Africa,6,103344.0,26,81.61,Diploma,Not Certified
Brazil,2,151603.0,46,71.76,Diploma,Not Certified
USA,14,101114.0,14,76.26,Master's,Not Certified
USA,6,65525.0,45,59.98,PhD,Certified
South Africa,14,119818.0,44,87.53,Bachelor's,Not Certified
Brazil,4,154589.0,24,87.32,Master's,Certified
France,8,185406.0,41,57.28,Diploma,Certified
South Africa,3,134715.0,1,93.9,Diploma,Certified
Australia,19,46644.0,43,63.46,Diploma,Not Certified
UK,14,141154.0,22,99.11,Bachelor's,Certified
UK,20,83469.0,23,69.15,Diploma,Certified
Canada,17,146609.0,19,58.89,Bachelor's,Not Certified
India,8,188447.0,18,67.59,Bachelor's,Certified
UK,14,105206.0,12,72.01,Bachelor's,Not Certified
China,6,136462.0,28,53.47,Master's,Certified
Canada,16,123178.0,28,78.91,Bachelor's,Not Certified
UK,19,195065.0,33,79.88,PhD,Certified
India,14,126724.0,19,86.95,Diploma,Certified
USA,19,136393.0,28,51.46,Master's,Not Certified
USA,3,167314.0,49,77.06,Diploma,Certified
France,10,116312.0,37,52.65,Bachelor's,Not Certified
South Africa,19,,26,,,Certified
Australia,9,111196.0,35,52.79,PhD,Not Certified
USA,20,110014.0,34,95.59,Bachelor's,Certified
Brazil,13,179282.0,35,85.1,Diploma,Certified
UK,7,181994.0,40,75.37,PhD,Certified
Brazil,14,73340.0,16,72.08,Bachelor's,Not Certified
India,9,79850.0,38,56.53,PhD,Not Certified
USA,19,153711.0,13,64.55,Bachelor's,Not Certified
Australia,15,51094.0,23,93.45,Master's,Not Certified
India,20,127959.0,22,95.22,Bachelor's,Not Certified
China,14,45741.0,16,50.04,Master's,Certified
China,6,151585.0,28,79.71,Bachelor's,Certified
Brazil,4,162564.0,48,85.97,Bachelor's,Certified
South Africa,8,108798.0,35,80.94,Diploma,Certified
Canada,17,156026.0,45,54.08,PhD,Certified
South Africa,9,150130.0,46,60.89,PhD,Not Certified
France,1,62164.0,8,62.52,PhD,Certified
South Africa,20,70257.0,44,91.59,Bachelor's,Not Certified
France,14,185283.0,22,73.16,Bachelor's,Certified
France,11,135989.0,21,74.34,Bachelor's,Not Certified
Australia,3,176304.0,26,96.74,Master's,Not Certified
USA,9,92691.0,40,81.85,Master's,Not Certified
Australia,14,119768.0,21,94.93,Diploma,Certified
France,9,196685.0,25,72.83,Bachelor's,Certified
India,4,54026.0,41,57.47,PhD,Certified
China,4,70908.0,1,96.5,PhD,Certified
France,8,59610.0,6,72.94,Diploma,Not Certified
Australia,2,103185.0,23,59.08,PhD,Not Certified
India,9,112567.0,23,65.12,Diploma,Not Certified
Australia,14,76182.0,43,52.54,Bachelor's,Not Certified
South Africa,9,156136.0,43,73.42,PhD,Certified
UK,16,171642.0,23,92.66,Bachelor's,Not Certified
Brazil,17,59288.0,32,96.68,Master's,Certified
Canada,16,118824.0,30,96.63,PhD,Not Certified
Australia,12,124425.0,13,56.26,Master's,Not Certified
Canada,3,40917.0,43,69.1,PhD,Not Certified
Germany,11,115602.0,18,51.41,Bachelor's,Certified
Australia,14,104575.0,23,92.76,Diploma,Certified
UK,18,112518.0,15,67.94,Bachelor's,Not Certified
Canada,5,79104.0,33,81.56,Bachelor's,Not Certified
France,16,189134.0,21,85.74,Bachelor's,Not Certified
Australia,20,56999.0,39,71.49,PhD,Certified
USA,5,181013.0,23,65.32,Diploma,Certified
Brazil,3,101169.0,27,98.11,Master's,Certified
UK,12,194542.0,45,98.22,Bachelor's,Not Certified
Canada,1,169744.0,44,64.47,PhD,Certified
UK,9,150684.0,18,73.98,Master's,Not Certified
India,9,99821.0,24,98.64,Bachelor's,Certified
Brazil,4,175601.0,47,50.24,Master's,Not Certified
France,3,52192.0,40,70.63,Bachelor's,Not Certified
Australia,17,114102.0,42,55.02,Master's,Certified
Australia,2,154894.0,7,75.46,Master's,Not Certified
Australia,1,126795.0,48,51.23,Diploma,Not Certified
Brazil,8,106677.0,20,70.34,Diploma,Not Certified
USA,13,175699.0,27,61.03,Bachelor's,Certified
Germany,15,174327.0,6,76.67,PhD,Not Certified
China,8,176285.0,27,99.8,Diploma,Certified
South Africa,12,142412.0,9,90.03,Master's,Certified
Canada,12,59404.0,45,92.28,Diploma,Not Certified
USA,14,156545.0,31,81.76,Diploma,Certified
France,15,196452.0,21,52.08,Bachelor's,Not Certified
Canada,15,190245.0,26,60.34,Diploma,Certified
Australia,9,63989.0,40,96.25,Diploma,Not Certified
UK,19,148106.0,48,68.31,Master's,Certified
France,20,64519.0,45,55.18,Diploma,Not Certified
Canada,8,62439.0,13,85.12,Master's,Not Certified
Australia,19,158570.0,49,64.97,Diploma,Not Certified
Canada,6,54995.0,23,63.44,Diploma,Not Certified
UK,20,63559.0,20,99.9,PhD,Certified
Australia,19,129049.0,37,92.91,Diploma,Certified
Germany,4,176093.0,28,70.4,Master's,Not Certified
USA,7,138000.0,17,99.01,Master's,Certified
India,4,192191.0,28,82.51,Bachelor's,Not Certified
South Africa,12,79350.0,41,87.1,Bachelor's,Not Certified
Brazil,13,65517.0,2,51.58,PhD,Certified
South Africa,3,193322.0,25,56.08,Master's,Certified
France,12,129132.0,41,81.65,Master's,Not Certified
South Africa,2,99546.0,6,94.95,Master's,Certified
Australia,2,145686.0,11,81.19,PhD,Not Certified
Germany,9,128151.0,38,56.7,Master's,Certified
India,1,43327.0,6,55.79,Bachelor's,Certified
USA,8,160318.0,45,92.21,PhD,Certified
USA,6,155945.0,11,56.97,Bachelor's,Certified
UK,6,86830.0,14,76.01,Bachelor's,Certified
Brazil,18,92446.0,2,51.86,PhD,Not Certified
Canada,17,186232.0,40,54.03,Diploma,Certified
Germany,12,198302.0,3,83.62,Diploma,Certified
Canada,6,180148.0,35,84.46,Bachelor's,Not Certified
India,8,109341.0,33,67.07,Diploma,Not Certified
South Africa,19,71085.0,24,60.78,Master's,Not Certified
USA,10,95571.0,19,90.69,PhD,Certified
India,1,185787.0,18,60.86,Bachelor's,Certified
South Africa,13,168308.0,49,77.1,Master's,Not Certified
USA,17,45750.0,24,98.41,Diploma,Not Certified
South Africa,3,153931.0,45,57.39,Master's,Not Certified
Brazil,8,118768.0,35,97.04,Diploma,Not Certified
Germany,14,75903.0,1,59.14,Bachelor's,Certified
France,3,131036.0,36,78.37,Master's,Certified
India,16,127954.0,25,68.85,PhD,Certified
India,13,123014.0,45,98.25,Bachelor's,Certified
China,20,157305.0,49,63.68,Master's,Certified
Australia,17,196410.0,43,69.98,Master's,Not Certified
Brazil,13,72101.0,34,99.14,Diploma,Certified
Brazil,6,42775.0,25,76.82,Bachelor's,Not Certified
Canada,17,151497.0,16,75.13,Bachelor's,Not Certified
South Africa,14,85619.0,34,62.89,Bachelor's,Not Certified
Australia,17,190611.0,29,85.07,Bachelor's,Certified
Germany,8,97124.0,19,50.72,Diploma,Not Certified
Germany,11,105149.0,23,52.48,PhD,Certified
Brazil,20,66616.0,19,79.97,Bachelor's,Not Certified
Germany,1,101799.0,25,67.08,Diploma,Certified
China,7,130221.0,16,97.67,PhD,Not Certified
India,17,154879.0,9,95.16,PhD,Certified
UK,10,65479.0,1,85.69,Diploma,Not Certified
France,11,139165.0,42,90.91,Bachelor's,Not Certified
Canada,9,95863.0,19,83.37,PhD,Not Certified
South Africa,9,122569.0,33,56.28,Bachelor's,Not Certified
France,5,186480.0,34,88.28,Bachelor's,Certified
South Africa,17,56351.0,16,60.51,Master's,Certified
USA,9,175203.0,44,66.17,Bachelor's,Certified
France,17,84825.0,40,90.96,Master's,Not Certified
UK,19,51349.0,18,76.83,PhD,Not Certified
Brazil,7,84254.0,34,93.0,Diploma,Not Certified
China,9,78225.0,25,60.65,Master's,Not Certified
India,7,52453.0,45,80.39,Diploma,Not Certified
India,13,189886.0,6,54.19,PhD,Not Certified
China,11,189335.0,21,82.15,Bachelor's,Certified
Australia,14,117694.0,6,88.13,PhD,Certified
USA,19,55735.0,32,79.25,Diploma,Certified
South Africa,11,186902.0,41,63.31,PhD,Certified
UK,13,87893.0,48,51.57,Bachelor's,Certified
Germany,14,167006.0,43,55.97,PhD,Certified
France,13,85066.0,39,81.12,Bachelor's,Certified
USA,1,174445.0,31,96.72,Master's,Certified
France,8,181407.0,42,60.33,Diploma,Not Certified
UK,12,194813.0,10,86.75,Bachelor's,Not Certified
Canada,19,50692.0,30,93.32,Bachelor's,Not Certified
Canada,12,85541.0,18,76.04,PhD,Not Certified
USA,8,106983.0,24,83.46,Master's,Not Certified
Brazil,8,190655.0,9,90.75,Bachelor's,Not Certified
UK,13,193837.0,31,63.03,Master's,Not Certified
UK,12,194978.0,15,64.84,Master's,Certified
China,16,160747.0,4,50.03,PhD,Certified
Brazil,1,125103.0,40,98.15,Bachelor's,Not Certified
South Africa,13,190592.0,9,95.88,PhD,Certified
South Africa,7,65566.0,45,88.23,Diploma,Certified
Germany,5,113193.0,9,53.95,Diploma,Certified
India,8,181417.0,26,72.38,Bachelor's,Certified
Canada,14,161015.0,4,55.09,Master's,Certified
South Africa,13,170956.0,17,50.8,Bachelor's,Not Certified
Brazil,15,110744.0,16,80.81,Bachelor's,Certified
UK,17,73455.0,15,98.04,Diploma,Not Certified
South Africa,15,199090.0,35,95.14,Diploma,Not Certified
UK,20,94219.0,5,84.84,Master's,Not Certified
South Africa,18,85991.0,5,54.83,Master's,Certified
Canada,18,113616.0,20,63.71,Bachelor's,Not Certified
France,2,127438.0,15,66.0,PhD,Not Certified
South Africa,4,156841.0,18,88.16,Bachelor's,Not Certified
Brazil,1,180558.0,47,90.11,Master's,Not Certified
South Africa,4,98870.0,2,69.26,PhD,Certified
India,18,126694.0,29,70.89,Diploma,Not Certified
Canada,5,83856.0,13,52.23,Master's,Not Certified
Brazil,19,141407.0,4,64.46,Master's,Not Certified
China,15,71379.0,42,72.56,PhD,Not Certified
Brazil,8,104729.0,45,55.85,Master's,Certified
India,20,199450.0,10,72.66,Master's,Not Certified
France,17,94353.0,31,92.66,Master's,Not Certified
Canada,1,54031.0,41,79.07,Master's,Not Certified
China,12,105982.0,8,53.95,Master's,Not Certified
India,19,76683.0,3,59.58,Master's,Not Certified
India,15,154091.0,48,73.73,Master's,Not Certified
USA,9,157797.0,46,68.07,Master's,Certified
Canada,7,188690.0,9,67.94,Diploma,Not Certified
Brazil,2,46587.0,30,76.46,Master's,Certified
UK,9,102790.0,11,79.22,Diploma,Certified
France,10,71480.0,35,89.84,Diploma,Not Certified
UK,2,191599.0,37,67.05,Bachelor's,Certified
Brazil,19,,42,,,Not Certified
Brazil,11,,13,,,Certified
Canada,13,84739.0,36,52.77,Diploma,Not Certified
Brazil,10,72954.0,13,77.71,Master's,Certified
USA,14,149373.0,12,79.4,Bachelor's,Certified
China,18,74700.0,37,96.73,PhD,Not Certified
Brazil,19,163728.0,10,86.3,Bachelor's,Certified
UK,9,106788.0,9,95.89,Diploma,Certified
Brazil,7,111045.0,7,95.42,Diploma,Certified
USA,3,184972.0,2,80.23,Master's,Certified
South Africa,20,,23,,,Certified
South Africa,6,120059.0,39,77.87,Bachelor's,Not Certified
India,2,41881.0,40,98.92,Master's,Certified
France,6,172702.0,39,88.66,PhD,Certified
Germany,3,60789.0,21,55.31,PhD,Not Certified
China,16,166083.0,23,88.92,Master's,Not Certified
Australia,8,128059.0,29,58.53,PhD,Not Certified
India,2,86151.0,14,72.37,PhD,Certified
France,17,,26,,,Certified
South Africa,9,43262.0,5,84.48,PhD,Certified
UK,12,106981.0,31,93.87,Diploma,Certified
Australia,3,160951.0,25,64.52,Diploma,Not Certified
France,11,163099.0,31,54.1,Bachelor's,Not Certified
France,1,121972.0,20,64.92,Master's,Certified
India,13,115485.0,44,83.62,Bachelor's,Certified
Australia,15,94722.0,17,66.44,Master's,Certified
Canada,5,129499.0,45,63.91,Master's,Certified
Germany,17,46901.0,2,59.22,Master's,Not Certified
Canada,6,157473.0,25,74.88,Master's,Not Certified
Australia,11,48597.0,13,63.8,Master's,Certified
Canada,18,169631.0,39,86.55,Bachelor's,Not Certified
USA,4,103909.0,28,53.83,Master's,Certified
South Africa,3,112391.0,42,83.2,PhD,Certified
USA,13,179335.0,6,61.88,PhD,Not Certified
Brazil,9,103293.0,3,74.46,Master's,Certified
Canada,6,196877.0,35,64.3,PhD,Not Certified
Brazil,12,51874.0,18,86.14,Diploma,Certified
UK,2,126402.0,11,97.27,Bachelor's,Not Certified
China,3,54079.0,20,95.85,Bachelor's,Certified
UK,3,112779.0,5,79.17,Master's,Not Certified
Australia,12,135408.0,19,73.13,Master's,Certified
France,15,180090.0,22,90.92,Diploma,Certified
South Africa,9,160606.0,19,84.17,Master's,Not Certified
Canada,8,160062.0,47,59.18,PhD,Certified
India,11,52100.0,16,91.05,Diploma,Not Certified
Brazil,3,117535.0,25,90.92,Bachelor's,Certified
USA,10,95571.0,19,90.69,PhD,Certified
India,13,192679.0,42,84.81,Master's,Not Certified
